CustomerID,FirstName,LastName,Email,Phone,Address
1,Customer1,Last1,customer1@email.com,555-0001,"1 Street, City2"
2,Customer2,Last2,customer2@email.com,555-0002,"2 Street, City3"
3,Customer3,Last3,customer3@email.com,555-0003,"3 Street, City4"
4,Customer4,Last4,customer4@email.com,555-0004,"4 Street, City5"
5,Customer5,Last5,customer5@email.com,555-0005,"5 Street, City1"
6,Customer6,Last6,customer6@email.com,555-0006,"6 Street, City2"
7,Customer7,Last7,customer7@email.com,555-0007,"7 Street, City3"
8,Customer8,Last8,customer8@email.com,555-0008,"8 Street, City4"
9,Customer9,Last9,customer9@email.com,555-0009,"9 Street, City5"
10,Customer10,Last10,customer10@email.com,555-0010,"10 Street, City1"
11,Customer11,Last11,customer11@email.com,555-0011,"11 Street, City2"
12,Customer12,Last12,customer12@email.com,555-0012,"12 Street, City3"
13,Customer13,Last13,customer13@email.com,555-0013,"13 Street, City4"
14,Customer14,Last14,customer14@email.com,555-0014,"14 Street, City5"
15,Customer15,Last15,customer15@email.com,555-0015,"15 Street, City1"
16,Customer16,Last16,customer16@email.com,555-0016,"16 Street, City2"
17,Customer17,Last17,customer17@email.com,555-0017,"17 Street, City3"
18,Customer18,Last18,customer18@email.com,555-0018,"18 Street, City4"
19,Customer19,Last19,customer19@email.com,555-0019,"19 Street, City5"
20,Customer20,Last20,customer20@email.com,555-0020,"20 Street, City1"
21,Customer21,Last21,customer21@email.com,555-0021,"21 Street, City2"
22,Customer22,Last22,customer22@email.com,555-0022,"22 Street, City3"
23,Customer23,Last23,customer23@email.com,555-0023,"23 Street, City4"
24,Customer24,Last24,customer24@email.com,555-0024,"24 Street, City5"
25,Customer25,Last25,customer25@email.com,555-0025,"25 Street, City1"
26,Customer26,Last26,customer26@email.com,555-0026,"26 Street, City2"
27,Customer27,Last27,customer27@email.com,555-0027,"27 Street, City3"
28,Customer28,Last28,customer28@email.com,555-0028,"28 Street, City4"
29,Customer29,Last29,customer29@email.com,555-0029,"29 Street, City5"
30,Customer30,Last30,customer30@email.com,555-0030,"30 Street, City1"
31,Customer31,Last31,customer31@email.com,555-0031,"31 Street, City2"
32,Customer32,Last32,customer32@email.com,555-0032,"32 Street, City3"
33,Customer33,Last33,customer33@email.com,555-0033,"33 Street, City4"
34,Customer34,Last34,customer34@email.com,555-0034,"34 Street, City5"
35,Customer35,Last35,customer35@email.com,555-0035,"35 Street, City1"
36,Customer36,Last36,customer36@email.com,555-0036,"36 Street, City2"
37,Customer37,Last37,customer37@email.com,555-0037,"37 Street, City3"
38,Customer38,Last38,customer38@email.com,555-0038,"38 Street, City4"
39,Customer39,Last39,customer39@email.com,555-0039,"39 Street, City5"
40,Customer40,Last40,customer40@email.com,555-0040,"40 Street, City1"
41,Customer41,Last41,customer41@email.com,555-0041,"41 Street, City2"
42,Customer42,Last42,customer42@email.com,555-0042,"42 Street, City3"
43,Customer43,Last43,customer43@email.com,555-0043,"43 Street, City4"
44,Customer44,Last44,customer44@email.com,555-0044,"44 Street, City5"
45,Customer45,Last45,customer45@email.com,555-0045,"45 Street, City1"
46,Customer46,Last46,customer46@email.com,555-0046,"46 Street, City2"
47,Customer47,Last47,customer47@email.com,555-0047,"47 Street, City3"
48,Customer48,Last48,customer48@email.com,555-0048,"48 Street, City4"
49,Customer49,Last49,customer49@email.com,555-0049,"49 Street, City5"
50,Customer50,Last50,customer50@email.com,555-0050,"50 Street, City1"
51,Customer51,Last51,customer51@email.com,555-0051,"51 Street, City2"
52,Customer52,Last52,customer52@email.com,555-0052,"52 Street, City3"
53,Customer53,Last53,customer53@email.com,555-0053,"53 Street, City4"
54,Customer54,Last54,customer54@email.com,555-0054,"54 Street, City5"
55,Customer55,Last55,customer55@email.com,555-0055,"55 Street, City1"
56,Customer56,Last56,customer56@email.com,555-0056,"56 Street, City2"
57,Customer57,Last57,customer57@email.com,555-0057,"57 Street, City3"
58,Customer58,Last58,customer58@email.com,555-0058,"58 Street, City4"
59,Customer59,Last59,customer59@email.com,555-0059,"59 Street, City5"
60,Customer60,Last60,customer60@email.com,555-0060,"60 Street, City1"
61,Customer61,Last61,customer61@email.com,555-0061,"61 Street, City2"
62,Customer62,Last62,customer62@email.com,555-0062,"62 Street, City3"
63,Customer63,Last63,customer63@email.com,555-0063,"63 Street, City4"
64,Customer64,Last64,customer64@email.com,555-0064,"64 Street, City5"
65,Customer65,Last65,customer65@email.com,555-0065,"65 Street, City1"
66,Customer66,Last66,customer66@email.com,555-0066,"66 Street, City2"
67,Customer67,Last67,customer67@email.com,555-0067,"67 Street, City3"
68,Customer68,Last68,customer68@email.com,555-0068,"68 Street, City4"
69,Customer69,Last69,customer69@email.com,555-0069,"69 Street, City5"
70,Customer70,Last70,customer70@email.com,555-0070,"70 Street, City1"
71,Customer71,Last71,customer71@email.com,555-0071,"71 Street, City2"
72,Customer72,Last72,customer72@email.com,555-0072,"72 Street, City3"
73,Customer73,Last73,customer73@email.com,555-0073,"73 Street, City4"
74,Customer74,Last74,customer74@email.com,555-0074,"74 Street, City5"
75,Customer75,Last75,customer75@email.com,555-0075,"75 Street, City1"
76,Customer76,Last76,customer76@email.com,555-0076,"76 Street, City2"
77,Customer77,Last77,customer77@email.com,555-0077,"77 Street, City3"
78,Customer78,Last78,customer78@email.com,555-0078,"78 Street, City4"
79,Customer79,Last79,customer79@email.com,555-0079,"79 Street, City5"
80,Customer80,Last80,customer80@email.com,555-0080,"80 Street, City1"
81,Customer81,Last81,customer81@email.com,555-0081,"81 Street, City2"
82,Customer82,Last82,customer82@email.com,555-0082,"82 Street, City3"
83,Customer83,Last83,customer83@email.com,555-0083,"83 Street, City4"
84,Customer84,Last84,customer84@email.com,555-0084,"84 Street, City5"
85,Customer85,Last85,customer85@email.com,555-0085,"85 Street, City1"
86,Customer86,Last86,customer86@email.com,555-0086,"86 Street, City2"
87,Customer87,Last87,customer87@email.com,555-0087,"87 Street, City3"
88,Customer88,Last88,customer88@email.com,555-0088,"88 Street, City4"
89,Customer89,Last89,customer89@email.com,555-0089,"89 Street, City5"
90,Customer90,Last90,customer90@email.com,555-0090,"90 Street, City1"
91,Customer91,Last91,customer91@email.com,555-0091,"91 Street, City2"
92,Customer92,Last92,customer92@email.com,555-0092,"92 Street, City3"
93,Customer93,Last93,customer93@email.com,555-0093,"93 Street, City4"
94,Customer94,Last94,customer94@email.com,555-0094,"94 Street, City5"
95,Customer95,Last95,customer95@email.com,555-0095,"95 Street, City1"
96,Customer96,Last96,customer96@email.com,555-0096,"96 Street, City2"
97,Customer97,Last97,customer97@email.com,555-0097,"97 Street, City3"
98,Customer98,Last98,customer98@email.com,555-0098,"98 Street, City4"
99,Customer99,Last99,customer99@email.com,555-0099,"99 Street, City5"
100,Customer100,Last100,customer100@email.com,555-0100,"100 Street, City1"
101,Customer101,Last101,customer101@email.com,555-0101,"101 Street, City2"
102,Customer102,Last102,customer102@email.com,555-0102,"102 Street, City3"
103,Customer103,Last103,customer103@email.com,555-0103,"103 Street, City4"
104,Customer104,Last104,customer104@email.com,555-0104,"104 Street, City5"
105,Customer105,Last105,customer105@email.com,555-0105,"105 Street, City1"
106,Customer106,Last106,customer106@email.com,555-0106,"106 Street, City2"
107,Customer107,Last107,customer107@email.com,555-0107,"107 Street, City3"
108,Customer108,Last108,customer108@email.com,555-0108,"108 Street, City4"
109,Customer109,Last109,customer109@email.com,555-0109,"109 Street, City5"
110,Customer110,Last110,customer110@email.com,555-0110,"110 Street, City1"
111,Customer111,Last111,customer111@email.com,555-0111,"111 Street, City2"
112,Customer112,Last112,customer112@email.com,555-0112,"112 Street, City3"
113,Customer113,Last113,customer113@email.com,555-0113,"113 Street, City4"
114,Customer114,Last114,customer114@email.com,555-0114,"114 Street, City5"
115,Customer115,Last115,customer115@email.com,555-0115,"115 Street, City1"
116,Customer116,Last116,customer116@email.com,555-0116,"116 Street, City2"
117,Customer117,Last117,customer117@email.com,555-0117,"117 Street, City3"
118,Customer118,Last118,customer118@email.com,555-0118,"118 Street, City4"
119,Customer119,Last119,customer119@email.com,555-0119,"119 Street, City5"
120,Customer120,Last120,customer120@email.com,555-0120,"120 Street, City1"
121,Customer121,Last121,customer121@email.com,555-0121,"121 Street, City2"
122,Customer122,Last122,customer122@email.com,555-0122,"122 Street, City3"
123,Customer123,Last123,customer123@email.com,555-0123,"123 Street, City4"
124,Customer124,Last124,customer124@email.com,555-0124,"124 Street, City5"
125,Customer125,Last125,customer125@email.com,555-0125,"125 Street, City1"
126,Customer126,Last126,customer126@email.com,555-0126,"126 Street, City2"
127,Customer127,Last127,customer127@email.com,555-0127,"127 Street, City3"
128,Customer128,Last128,customer128@email.com,555-0128,"128 Street, City4"
129,Customer129,Last129,customer129@email.com,555-0129,"129 Street, City5"
130,Customer130,Last130,customer130@email.com,555-0130,"130 Street, City1"
131,Customer131,Last131,customer131@email.com,555-0131,"131 Street, City2"
132,Customer132,Last132,customer132@email.com,555-0132,"132 Street, City3"
133,Customer133,Last133,customer133@email.com,555-0133,"133 Street, City4"
134,Customer134,Last134,customer134@email.com,555-0134,"134 Street, City5"
135,Customer135,Last135,customer135@email.com,555-0135,"135 Street, City1"
136,Customer136,Last136,customer136@email.com,555-0136,"136 Street, City2"
137,Customer137,Last137,customer137@email.com,555-0137,"137 Street, City3"
138,Customer138,Last138,customer138@email.com,555-0138,"138 Street, City4"
139,Customer139,Last139,customer139@email.com,555-0139,"139 Street, City5"
140,Customer140,Last140,customer140@email.com,555-0140,"140 Street, City1"
141,Customer141,Last141,customer141@email.com,555-0141,"141 Street, City2"
142,Customer142,Last142,customer142@email.com,555-0142,"142 Street, City3"
143,Customer143,Last143,customer143@email.com,555-0143,"143 Street, City4"
144,Customer144,Last144,customer144@email.com,555-0144,"144 Street, City5"
145,Customer145,Last145,customer145@email.com,555-0145,"145 Street, City1"
146,Customer146,Last146,customer146@email.com,555-0146,"146 Street, City2"
147,Customer147,Last147,customer147@email.com,555-0147,"147 Street, City3"
148,Customer148,Last148,customer148@email.com,555-0148,"148 Street, City4"
149,Customer149,Last149,customer149@email.com,555-0149,"149 Street, City5"
150,Customer150,Last150,customer150@email.com,555-0150,"150 Street, City1"
151,Customer151,Last151,customer151@email.com,555-0151,"151 Street, City2"
152,Customer152,Last152,customer152@email.com,555-0152,"152 Street, City3"
153,Customer153,Last153,customer153@email.com,555-0153,"153 Street, City4"
154,Customer154,Last154,customer154@email.com,555-0154,"154 Street, City5"
155,Customer155,Last155,customer155@email.com,555-0155,"155 Street, City1"
156,Customer156,Last156,customer156@email.com,555-0156,"156 Street, City2"
157,Customer157,Last157,customer157@email.com,555-0157,"157 Street, City3"
158,Customer158,Last158,customer158@email.com,555-0158,"158 Street, City4"
159,Customer159,Last159,customer159@email.com,555-0159,"159 Street, City5"
160,Customer160,Last160,customer160@email.com,555-0160,"160 Street, City1"
161,Customer161,Last161,customer161@email.com,555-0161,"161 Street, City2"
162,Customer162,Last162,customer162@email.com,555-0162,"162 Street, City3"
163,Customer163,Last163,customer163@email.com,555-0163,"163 Street, City4"
164,Customer164,Last164,customer164@email.com,555-0164,"164 Street, City5"
165,Customer165,Last165,customer165@email.com,555-0165,"165 Street, City1"
166,Customer166,Last166,customer166@email.com,555-0166,"166 Street, City2"
167,Customer167,Last167,customer167@email.com,555-0167,"167 Street, City3"
168,Customer168,Last168,customer168@email.com,555-0168,"168 Street, City4"
169,Customer169,Last169,customer169@email.com,555-0169,"169 Street, City5"
170,Customer170,Last170,customer170@email.com,555-0170,"170 Street, City1"
171,Customer171,Last171,customer171@email.com,555-0171,"171 Street, City2"
172,Customer172,Last172,customer172@email.com,555-0172,"172 Street, City3"
173,Customer173,Last173,customer173@email.com,555-0173,"173 Street, City4"
174,Customer174,Last174,customer174@email.com,555-0174,"174 Street, City5"
175,Customer175,Last175,customer175@email.com,555-0175,"175 Street, City1"
176,Customer176,Last176,customer176@email.com,555-0176,"176 Street, City2"
177,Customer177,Last177,customer177@email.com,555-0177,"177 Street, City3"
178,Customer178,Last178,customer178@email.com,555-0178,"178 Street, City4"
179,Customer179,Last179,customer179@email.com,555-0179,"179 Street, City5"
180,Customer180,Last180,customer180@email.com,555-0180,"180 Street, City1"
181,Customer181,Last181,customer181@email.com,555-0181,"181 Street, City2"
182,Customer182,Last182,customer182@email.com,555-0182,"182 Street, City3"
183,Customer183,Last183,customer183@email.com,555-0183,"183 Street, City4"
184,Customer184,Last184,customer184@email.com,555-0184,"184 Street, City5"
185,Customer185,Last185,customer185@email.com,555-0185,"185 Street, City1"
186,Customer186,Last186,customer186@email.com,555-0186,"186 Street, City2"
187,Customer187,Last187,customer187@email.com,555-0187,"187 Street, City3"
188,Customer188,Last188,customer188@email.com,555-0188,"188 Street, City4"
189,Customer189,Last189,customer189@email.com,555-0189,"189 Street, City5"
190,Customer190,Last190,customer190@email.com,555-0190,"190 Street, City1"
191,Customer191,Last191,customer191@email.com,555-0191,"191 Street, City2"
192,Customer192,Last192,customer192@email.com,555-0192,"192 Street, City3"
193,Customer193,Last193,customer193@email.com,555-0193,"193 Street, City4"
194,Customer194,Last194,customer194@email.com,555-0194,"194 Street, City5"
195,Customer195,Last195,customer195@email.com,555-0195,"195 Street, City1"
196,Customer196,Last196,customer196@email.com,555-0196,"196 Street, City2"
197,Customer197,Last197,customer197@email.com,555-0197,"197 Street, City3"
198,Customer198,Last198,customer198@email.com,555-0198,"198 Street, City4"
199,Customer199,Last199,customer199@email.com,555-0199,"199 Street, City5"
200,Customer200,Last200,customer200@email.com,555-0200,"200 Street, City1"
201,Customer201,Last201,customer201@email.com,555-0201,"201 Street, City2"
202,Customer202,Last202,customer202@email.com,555-0202,"202 Street, City3"
203,Customer203,Last203,customer203@email.com,555-0203,"203 Street, City4"
204,Customer204,Last204,customer204@email.com,555-0204,"204 Street, City5"
205,Customer205,Last205,customer205@email.com,555-0205,"205 Street, City1"
206,Customer206,Last206,customer206@email.com,555-0206,"206 Street, City2"
207,Customer207,Last207,customer207@email.com,555-0207,"207 Street, City3"
208,Customer208,Last208,customer208@email.com,555-0208,"208 Street, City4"
209,Customer209,Last209,customer209@email.com,555-0209,"209 Street, City5"
210,Customer210,Last210,customer210@email.com,555-0210,"210 Street, City1"
211,Customer211,Last211,customer211@email.com,555-0211,"211 Street, City2"
212,Customer212,Last212,customer212@email.com,555-0212,"212 Street, City3"
213,Customer213,Last213,customer213@email.com,555-0213,"213 Street, City4"
214,Customer214,Last214,customer214@email.com,555-0214,"214 Street, City5"
215,Customer215,Last215,customer215@email.com,555-0215,"215 Street, City1"
216,Customer216,Last216,customer216@email.com,555-0216,"216 Street, City2"
217,Customer217,Last217,customer217@email.com,555-0217,"217 Street, City3"
218,Customer218,Last218,customer218@email.com,555-0218,"218 Street, City4"
219,Customer219,Last219,customer219@email.com,555-0219,"219 Street, City5"
220,Customer220,Last220,customer220@email.com,555-0220,"220 Street, City1"
221,Customer221,Last221,customer221@email.com,555-0221,"221 Street, City2"
222,Customer222,Last222,customer222@email.com,555-0222,"222 Street, City3"
223,Customer223,Last223,customer223@email.com,555-0223,"223 Street, City4"
224,Customer224,Last224,customer224@email.com,555-0224,"224 Street, City5"
225,Customer225,Last225,customer225@email.com,555-0225,"225 Street, City1"
226,Customer226,Last226,customer226@email.com,555-0226,"226 Street, City2"
227,Customer227,Last227,customer227@email.com,555-0227,"227 Street, City3"
228,Customer228,Last228,customer228@email.com,555-0228,"228 Street, City4"
229,Customer229,Last229,customer229@email.com,555-0229,"229 Street, City5"
230,Customer230,Last230,customer230@email.com,555-0230,"230 Street, City1"
231,Customer231,Last231,customer231@email.com,555-0231,"231 Street, City2"
232,Customer232,Last232,customer232@email.com,555-0232,"232 Street, City3"
233,Customer233,Last233,customer233@email.com,555-0233,"233 Street, City4"
234,Customer234,Last234,customer234@email.com,555-0234,"234 Street, City5"
235,Customer235,Last235,customer235@email.com,555-0235,"235 Street, City1"
236,Customer236,Last236,customer236@email.com,555-0236,"236 Street, City2"
237,Customer237,Last237,customer237@email.com,555-0237,"237 Street, City3"
238,Customer238,Last238,customer238@email.com,555-0238,"238 Street, City4"
239,Customer239,Last239,customer239@email.com,555-0239,"239 Street, City5"
240,Customer240,Last240,customer240@email.com,555-0240,"240 Street, City1"
241,Customer241,Last241,customer241@email.com,555-0241,"241 Street, City2"
242,Customer242,Last242,customer242@email.com,555-0242,"242 Street, City3"
243,Customer243,Last243,customer243@email.com,555-0243,"243 Street, City4"
244,Customer244,Last244,customer244@email.com,555-0244,"244 Street, City5"
245,Customer245,Last245,customer245@email.com,555-0245,"245 Street, City1"
246,Customer246,Last246,customer246@email.com,555-0246,"246 Street, City2"
247,Customer247,Last247,customer247@email.com,555-0247,"247 Street, City3"
248,Customer248,Last248,customer248@email.com,555-0248,"248 Street, City4"
249,Customer249,Last249,customer249@email.com,555-0249,"249 Street, City5"
250,Customer250,Last250,customer250@email.com,555-0250,"250 Street, City1"
251,Customer251,Last251,customer251@email.com,555-0251,"251 Street, City2"
252,Customer252,Last252,customer252@email.com,555-0252,"252 Street, City3"
253,Customer253,Last253,customer253@email.com,555-0253,"253 Street, City4"
254,Customer254,Last254,customer254@email.com,555-0254,"254 Street, City5"
255,Customer255,Last255,customer255@email.com,555-0255,"255 Street, City1"
256,Customer256,Last256,customer256@email.com,555-0256,"256 Street, City2"
257,Customer257,Last257,customer257@email.com,555-0257,"257 Street, City3"
258,Customer258,Last258,customer258@email.com,555-0258,"258 Street, City4"
259,Customer259,Last259,customer259@email.com,555-0259,"259 Street, City5"
260,Customer260,Last260,customer260@email.com,555-0260,"260 Street, City1"
261,Customer261,Last261,customer261@email.com,555-0261,"261 Street, City2"
262,Customer262,Last262,customer262@email.com,555-0262,"262 Street, City3"
263,Customer263,Last263,customer263@email.com,555-0263,"263 Street, City4"
264,Customer264,Last264,customer264@email.com,555-0264,"264 Street, City5"
265,Customer265,Last265,customer265@email.com,555-0265,"265 Street, City1"
266,Customer266,Last266,customer266@email.com,555-0266,"266 Street, City2"
267,Customer267,Last267,customer267@email.com,555-0267,"267 Street, City3"
268,Customer268,Last268,customer268@email.com,555-0268,"268 Street, City4"
269,Customer269,Last269,customer269@email.com,555-0269,"269 Street, City5"
270,Customer270,Last270,customer270@email.com,555-0270,"270 Street, City1"
271,Customer271,Last271,customer271@email.com,555-0271,"271 Street, City2"
272,Customer272,Last272,customer272@email.com,555-0272,"272 Street, City3"
273,Customer273,Last273,customer273@email.com,555-0273,"273 Street, City4"
274,Customer274,Last274,customer274@email.com,555-0274,"274 Street, City5"
275,Customer275,Last275,customer275@email.com,555-0275,"275 Street, City1"
276,Customer276,Last276,customer276@email.com,555-0276,"276 Street, City2"
277,Customer277,Last277,customer277@email.com,555-0277,"277 Street, City3"
278,Customer278,Last278,customer278@email.com,555-0278,"278 Street, City4"
279,Customer279,Last279,customer279@email.com,555-0279,"279 Street, City5"
280,Customer280,Last280,customer280@email.com,555-0280,"280 Street, City1"
281,Customer281,Last281,customer281@email.com,555-0281,"281 Street, City2"
282,Customer282,Last282,customer282@email.com,555-0282,"282 Street, City3"
283,Customer283,Last283,customer283@email.com,555-0283,"283 Street, City4"
284,Customer284,Last284,customer284@email.com,555-0284,"284 Street, City5"
285,Customer285,Last285,customer285@email.com,555-0285,"285 Street, City1"
286,Customer286,Last286,customer286@email.com,555-0286,"286 Street, City2"
287,Customer287,Last287,customer287@email.com,555-0287,"287 Street, City3"
288,Customer288,Last288,customer288@email.com,555-0288,"288 Street, City4"
289,Customer289,Last289,customer289@email.com,555-0289,"289 Street, City5"
290,Customer290,Last290,customer290@email.com,555-0290,"290 Street, City1"
291,Customer291,Last291,customer291@email.com,555-0291,"291 Street, City2"
292,Customer292,Last292,customer292@email.com,555-0292,"292 Street, City3"
293,Customer293,Last293,customer293@email.com,555-0293,"293 Street, City4"
294,Customer294,Last294,customer294@email.com,555-0294,"294 Street, City5"
295,Customer295,Last295,customer295@email.com,555-0295,"295 Street, City1"
296,Customer296,Last296,customer296@email.com,555-0296,"296 Street, City2"
297,Customer297,Last297,customer297@email.com,555-0297,"297 Street, City3"
298,Customer298,Last298,customer298@email.com,555-0298,"298 Street, City4"
299,Customer299,Last299,customer299@email.com,555-0299,"299 Street, City5"
300,Customer300,Last300,customer300@email.com,555-0300,"300 Street, City1"
301,Customer301,Last301,customer301@email.com,555-0301,"301 Street, City2"
302,Customer302,Last302,customer302@email.com,555-0302,"302 Street, City3"
303,Customer303,Last303,customer303@email.com,555-0303,"303 Street, City4"
304,Customer304,Last304,customer304@email.com,555-0304,"304 Street, City5"
305,Customer305,Last305,customer305@email.com,555-0305,"305 Street, City1"
306,Customer306,Last306,customer306@email.com,555-0306,"306 Street, City2"
307,Customer307,Last307,customer307@email.com,555-0307,"307 Street, City3"
308,Customer308,Last308,customer308@email.com,555-0308,"308 Street, City4"
309,Customer309,Last309,customer309@email.com,555-0309,"309 Street, City5"
310,Customer310,Last310,customer310@email.com,555-0310,"310 Street, City1"
311,Customer311,Last311,customer311@email.com,555-0311,"311 Street, City2"
312,Customer312,Last312,customer312@email.com,555-0312,"312 Street, City3"
313,Customer313,Last313,customer313@email.com,555-0313,"313 Street, City4"
314,Customer314,Last314,customer314@email.com,555-0314,"314 Street, City5"
315,Customer315,Last315,customer315@email.com,555-0315,"315 Street, City1"
316,Customer316,Last316,customer316@email.com,555-0316,"316 Street, City2"
317,Customer317,Last317,customer317@email.com,555-0317,"317 Street, City3"
318,Customer318,Last318,customer318@email.com,555-0318,"318 Street, City4"
319,Customer319,Last319,customer319@email.com,555-0319,"319 Street, City5"
320,Customer320,Last320,customer320@email.com,555-0320,"320 Street, City1"
321,Customer321,Last321,customer321@email.com,555-0321,"321 Street, City2"
322,Customer322,Last322,customer322@email.com,555-0322,"322 Street, City3"
323,Customer323,Last323,customer323@email.com,555-0323,"323 Street, City4"
324,Customer324,Last324,customer324@email.com,555-0324,"324 Street, City5"
325,Customer325,Last325,customer325@email.com,555-0325,"325 Street, City1"
326,Customer326,Last326,customer326@email.com,555-0326,"326 Street, City2"
327,Customer327,Last327,customer327@email.com,555-0327,"327 Street, City3"
328,Customer328,Last328,customer328@email.com,555-0328,"328 Street, City4"
329,Customer329,Last329,customer329@email.com,555-0329,"329 Street, City5"
330,Customer330,Last330,customer330@email.com,555-0330,"330 Street, City1"
331,Customer331,Last331,customer331@email.com,555-0331,"331 Street, City2"
332,Customer332,Last332,customer332@email.com,555-0332,"332 Street, City3"
333,Customer333,Last333,customer333@email.com,555-0333,"333 Street, City4"
334,Customer334,Last334,customer334@email.com,555-0334,"334 Street, City5"
335,Customer335,Last335,customer335@email.com,555-0335,"335 Street, City1"
336,Customer336,Last336,customer336@email.com,555-0336,"336 Street, City2"
337,Customer337,Last337,customer337@email.com,555-0337,"337 Street, City3"
338,Customer338,Last338,customer338@email.com,555-0338,"338 Street, City4"
339,Customer339,Last339,customer339@email.com,555-0339,"339 Street, City5"
340,Customer340,Last340,customer340@email.com,555-0340,"340 Street, City1"
341,Customer341,Last341,customer341@email.com,555-0341,"341 Street, City2"
342,Customer342,Last342,customer342@email.com,555-0342,"342 Street, City3"
343,Customer343,Last343,customer343@email.com,555-0343,"343 Street, City4"
344,Customer344,Last344,customer344@email.com,555-0344,"344 Street, City5"
345,Customer345,Last345,customer345@email.com,555-0345,"345 Street, City1"
346,Customer346,Last346,customer346@email.com,555-0346,"346 Street, City2"
347,Customer347,Last347,customer347@email.com,555-0347,"347 Street, City3"
348,Customer348,Last348,customer348@email.com,555-0348,"348 Street, City4"
349,Customer349,Last349,customer349@email.com,555-0349,"349 Street, City5"
350,Customer350,Last350,customer350@email.com,555-0350,"350 Street, City1"
351,Customer351,Last351,customer351@email.com,555-0351,"351 Street, City2"
352,Customer352,Last352,customer352@email.com,555-0352,"352 Street, City3"
353,Customer353,Last353,customer353@email.com,555-0353,"353 Street, City4"
354,Customer354,Last354,customer354@email.com,555-0354,"354 Street, City5"
355,Customer355,Last355,customer355@email.com,555-0355,"355 Street, City1"
356,Customer356,Last356,customer356@email.com,555-0356,"356 Street, City2"
357,Customer357,Last357,customer357@email.com,555-0357,"357 Street, City3"
358,Customer358,Last358,customer358@email.com,555-0358,"358 Street, City4"
359,Customer359,Last359,customer359@email.com,555-0359,"359 Street, City5"
360,Customer360,Last360,customer360@email.com,555-0360,"360 Street, City1"
361,Customer361,Last361,customer361@email.com,555-0361,"361 Street, City2"
362,Customer362,Last362,customer362@email.com,555-0362,"362 Street, City3"
363,Customer363,Last363,customer363@email.com,555-0363,"363 Street, City4"
364,Customer364,Last364,customer364@email.com,555-0364,"364 Street, City5"
365,Customer365,Last365,customer365@email.com,555-0365,"365 Street, City1"
366,Customer366,Last366,customer366@email.com,555-0366,"366 Street, City2"
367,Customer367,Last367,customer367@email.com,555-0367,"367 Street, City3"
368,Customer368,Last368,customer368@email.com,555-0368,"368 Street, City4"
369,Customer369,Last369,customer369@email.com,555-0369,"369 Street, City5"
370,Customer370,Last370,customer370@email.com,555-0370,"370 Street, City1"
371,Customer371,Last371,customer371@email.com,555-0371,"371 Street, City2"
372,Customer372,Last372,customer372@email.com,555-0372,"372 Street, City3"
373,Customer373,Last373,customer373@email.com,555-0373,"373 Street, City4"
374,Customer374,Last374,customer374@email.com,555-0374,"374 Street, City5"
375,Customer375,Last375,customer375@email.com,555-0375,"375 Street, City1"
376,Customer376,Last376,customer376@email.com,555-0376,"376 Street, City2"
377,Customer377,Last377,customer377@email.com,555-0377,"377 Street, City3"
378,Customer378,Last378,customer378@email.com,555-0378,"378 Street, City4"
379,Customer379,Last379,customer379@email.com,555-0379,"379 Street, City5"
380,Customer380,Last380,customer380@email.com,555-0380,"380 Street, City1"
381,Customer381,Last381,customer381@email.com,555-0381,"381 Street, City2"
382,Customer382,Last382,customer382@email.com,555-0382,"382 Street, City3"
383,Customer383,Last383,customer383@email.com,555-0383,"383 Street, City4"
384,Customer384,Last384,customer384@email.com,555-0384,"384 Street, City5"
385,Customer385,Last385,customer385@email.com,555-0385,"385 Street, City1"
386,Customer386,Last386,customer386@email.com,555-0386,"386 Street, City2"
387,Customer387,Last387,customer387@email.com,555-0387,"387 Street, City3"
388,Customer388,Last388,customer388@email.com,555-0388,"388 Street, City4"
389,Customer389,Last389,customer389@email.com,555-0389,"389 Street, City5"
390,Customer390,Last390,customer390@email.com,555-0390,"390 Street, City1"
391,Customer391,Last391,customer391@email.com,555-0391,"391 Street, City2"
392,Customer392,Last392,customer392@email.com,555-0392,"392 Street, City3"
393,Customer393,Last393,customer393@email.com,555-0393,"393 Street, City4"
394,Customer394,Last394,customer394@email.com,555-0394,"394 Street, City5"
395,Customer395,Last395,customer395@email.com,555-0395,"395 Street, City1"
396,Customer396,Last396,customer396@email.com,555-0396,"396 Street, City2"
397,Customer397,Last397,customer397@email.com,555-0397,"397 Street, City3"
398,Customer398,Last398,customer398@email.com,555-0398,"398 Street, City4"
399,Customer399,Last399,customer399@email.com,555-0399,"399 Street, City5"
400,Customer400,Last400,customer400@email.com,555-0400,"400 Street, City1"
401,Customer401,Last401,customer401@email.com,555-0401,"401 Street, City2"
402,Customer402,Last402,customer402@email.com,555-0402,"402 Street, City3"
403,Customer403,Last403,customer403@email.com,555-0403,"403 Street, City4"
404,Customer404,Last404,customer404@email.com,555-0404,"404 Street, City5"
405,Customer405,Last405,customer405@email.com,555-0405,"405 Street, City1"
406,Customer406,Last406,customer406@email.com,555-0406,"406 Street, City2"
407,Customer407,Last407,customer407@email.com,555-0407,"407 Street, City3"
408,Customer408,Last408,customer408@email.com,555-0408,"408 Street, City4"
409,Customer409,Last409,customer409@email.com,555-0409,"409 Street, City5"
410,Customer410,Last410,customer410@email.com,555-0410,"410 Street, City1"
411,Customer411,Last411,customer411@email.com,555-0411,"411 Street, City2"
412,Customer412,Last412,customer412@email.com,555-0412,"412 Street, City3"
413,Customer413,Last413,customer413@email.com,555-0413,"413 Street, City4"
414,Customer414,Last414,customer414@email.com,555-0414,"414 Street, City5"
415,Customer415,Last415,customer415@email.com,555-0415,"415 Street, City1"
416,Customer416,Last416,customer416@email.com,555-0416,"416 Street, City2"
417,Customer417,Last417,customer417@email.com,555-0417,"417 Street, City3"
418,Customer418,Last418,customer418@email.com,555-0418,"418 Street, City4"
419,Customer419,Last419,customer419@email.com,555-0419,"419 Street, City5"
420,Customer420,Last420,customer420@email.com,555-0420,"420 Street, City1"
421,Customer421,Last421,customer421@email.com,555-0421,"421 Street, City2"
422,Customer422,Last422,customer422@email.com,555-0422,"422 Street, City3"
423,Customer423,Last423,customer423@email.com,555-0423,"423 Street, City4"
424,Customer424,Last424,customer424@email.com,555-0424,"424 Street, City5"
425,Customer425,Last425,customer425@email.com,555-0425,"425 Street, City1"
426,Customer426,Last426,customer426@email.com,555-0426,"426 Street, City2"
427,Customer427,Last427,customer427@email.com,555-0427,"427 Street, City3"
428,Customer428,Last428,customer428@email.com,555-0428,"428 Street, City4"
429,Customer429,Last429,customer429@email.com,555-0429,"429 Street, City5"
430,Customer430,Last430,customer430@email.com,555-0430,"430 Street, City1"
431,Customer431,Last431,customer431@email.com,555-0431,"431 Street, City2"
432,Customer432,Last432,customer432@email.com,555-0432,"432 Street, City3"
433,Customer433,Last433,customer433@email.com,555-0433,"433 Street, City4"
434,Customer434,Last434,customer434@email.com,555-0434,"434 Street, City5"
435,Customer435,Last435,customer435@email.com,555-0435,"435 Street, City1"
436,Customer436,Last436,customer436@email.com,555-0436,"436 Street, City2"
437,Customer437,Last437,customer437@email.com,555-0437,"437 Street, City3"
438,Customer438,Last438,customer438@email.com,555-0438,"438 Street, City4"
439,Customer439,Last439,customer439@email.com,555-0439,"439 Street, City5"
440,Customer440,Last440,customer440@email.com,555-0440,"440 Street, City1"
441,Customer441,Last441,customer441@email.com,555-0441,"441 Street, City2"
442,Customer442,Last442,customer442@email.com,555-0442,"442 Street, City3"
443,Customer443,Last443,customer443@email.com,555-0443,"443 Street, City4"
444,Customer444,Last444,customer444@email.com,555-0444,"444 Street, City5"
445,Customer445,Last445,customer445@email.com,555-0445,"445 Street, City1"
446,Customer446,Last446,customer446@email.com,555-0446,"446 Street, City2"
447,Customer447,Last447,customer447@email.com,555-0447,"447 Street, City3"
448,Customer448,Last448,customer448@email.com,555-0448,"448 Street, City4"
449,Customer449,Last449,customer449@email.com,555-0449,"449 Street, City5"
450,Customer450,Last450,customer450@email.com,555-0450,"450 Street, City1"
451,Customer451,Last451,customer451@email.com,555-0451,"451 Street, City2"
452,Customer452,Last452,customer452@email.com,555-0452,"452 Street, City3"
453,Customer453,Last453,customer453@email.com,555-0453,"453 Street, City4"
454,Customer454,Last454,customer454@email.com,555-0454,"454 Street, City5"
455,Customer455,Last455,customer455@email.com,555-0455,"455 Street, City1"
456,Customer456,Last456,customer456@email.com,555-0456,"456 Street, City2"
457,Customer457,Last457,customer457@email.com,555-0457,"457 Street, City3"
458,Customer458,Last458,customer458@email.com,555-0458,"458 Street, City4"
459,Customer459,Last459,customer459@email.com,555-0459,"459 Street, City5"
460,Customer460,Last460,customer460@email.com,555-0460,"460 Street, City1"
461,Customer461,Last461,customer461@email.com,555-0461,"461 Street, City2"
462,Customer462,Last462,customer462@email.com,555-0462,"462 Street, City3"
463,Customer463,Last463,customer463@email.com,555-0463,"463 Street, City4"
464,Customer464,Last464,customer464@email.com,555-0464,"464 Street, City5"
465,Customer465,Last465,customer465@email.com,555-0465,"465 Street, City1"
466,Customer466,Last466,customer466@email.com,555-0466,"466 Street, City2"
467,Customer467,Last467,customer467@email.com,555-0467,"467 Street, City3"
468,Customer468,Last468,customer468@email.com,555-0468,"468 Street, City4"
469,Customer469,Last469,customer469@email.com,555-0469,"469 Street, City5"
470,Customer470,Last470,customer470@email.com,555-0470,"470 Street, City1"
471,Customer471,Last471,customer471@email.com,555-0471,"471 Street, City2"
472,Customer472,Last472,customer472@email.com,555-0472,"472 Street, City3"
473,Customer473,Last473,customer473@email.com,555-0473,"473 Street, City4"
474,Customer474,Last474,customer474@email.com,555-0474,"474 Street, City5"
475,Customer475,Last475,customer475@email.com,555-0475,"475 Street, City1"
476,Customer476,Last476,customer476@email.com,555-0476,"476 Street, City2"
477,Customer477,Last477,customer477@email.com,555-0477,"477 Street, City3"
478,Customer478,Last478,customer478@email.com,555-0478,"478 Street, City4"
479,Customer479,Last479,customer479@email.com,555-0479,"479 Street, City5"
480,Customer480,Last480,customer480@email.com,555-0480,"480 Street, City1"
481,Customer481,Last481,customer481@email.com,555-0481,"481 Street, City2"
482,Customer482,Last482,customer482@email.com,555-0482,"482 Street, City3"
483,Customer483,Last483,customer483@email.com,555-0483,"483 Street, City4"
484,Customer484,Last484,customer484@email.com,555-0484,"484 Street, City5"
485,Customer485,Last485,customer485@email.com,555-0485,"485 Street, City1"
486,Customer486,Last486,customer486@email.com,555-0486,"486 Street, City2"
487,Customer487,Last487,customer487@email.com,555-0487,"487 Street, City3"
488,Customer488,Last488,customer488@email.com,555-0488,"488 Street, City4"
489,Customer489,Last489,customer489@email.com,555-0489,"489 Street, City5"
490,Customer490,Last490,customer490@email.com,555-0490,"490 Street, City1"
491,Customer491,Last491,customer491@email.com,555-0491,"491 Street, City2"
492,Customer492,Last492,customer492@email.com,555-0492,"492 Street, City3"
493,Customer493,Last493,customer493@email.com,555-0493,"493 Street, City4"
494,Customer494,Last494,customer494@email.com,555-0494,"494 Street, City5"
495,Customer495,Last495,customer495@email.com,555-0495,"495 Street, City1"
496,Customer496,Last496,customer496@email.com,555-0496,"496 Street, City2"
497,Customer497,Last497,customer497@email.com,555-0497,"497 Street, City3"
498,Customer498,Last498,customer498@email.com,555-0498,"498 Street, City4"
499,Customer499,Last499,customer499@email.com,555-0499,"499 Street, City5"
500,Customer500,Last500,customer500@email.com,555-0500,"500 Street, City1"
